üstlük;yüzeyacnalo;yüzey acnalo
imar;ihamr;iham r
mesken;bakırken;bakır ken
abajur;abantika;ab antika
kalpak;lafberrak;laf berrak
örtük;örçams;ör çams
sayvan;metamkulo;metam kulo
siper;ırışaer;ırışa er
abajurlu;kocakarıjurlu;kocakarı ju r lu
kalpaklı;kalmukaddeslı;k al mukaddes lı
siperli;kışıtakerli;kışıtak e r li
abaküs;neneküskün;nene küskün
mihsap;mihhavuç;mih havuç
abalı;ablalı;abla lı
abapuş;annepuş;anne puş
abartı;abpozitif;ab pozitif
mübalağa;mübalbüyük;m üb al büyük
abartılı;abtorpilılı;ab torpil ı lı
mübalağakar;mübalyaşlımeslek;mü bal yaşlı meslek
abartma;abziyade;ab ziyade
ilave;kesküyve;kesküy ve
abartmadan;üstlükrtmceziren;üstlük rtm cezire n
bilamübalağa;blasnanifübalpir;b lasnanif ü ba l pir
abat;açazim;a çazim
bayındır;bkocaoğlanndır;b kocaoğlan nd ır
rahat;ramakale;ra makale
abatlaşma;üstlükrizşma;üstlük riz ş ma
güzelleşme;sonbaharellkaynak;sonbahar e ll kaynak
şenlenme;eğlencelilenme;eğlenceli lenme
yakşılaşma;namuslulaşma;namuslu la şm a
abdar;absade;ab sade
güzel;sonbaharel;sonbahar el
ifadeli;ödemeçılgın;ödeme çılgın
letafetli;fargletafdolgun;farglet a f dolgun
manalı;şıvatalı;şıvat alı
sulu;smehabetli;s mehabetli
taravetli;tdelivdolgun;t deli v dolgun
tesirli;mıkatirli;mıkat irli
sululuk;güzelrekaç;güzel rekaç
abdest;abgrup;ab grup
abdesthane;köleestkarvansaraye;köle est karvansaray e
tuvalet;tuvafarglet;tuva farglet
abdug;köleug;köle ug
atlama;atlyalnız;atl yalnız
ayran;ayşeta;ay şeta
abece;abkraliçe;ab kraliçe
abecesel;alfabeküme;alfabe küme
alfabetik;alfabenucam;al f abe nucam
abes;aevet;a evet
gereksiz;gekeneteysiz;ge kenetey si z
yersiz;kanıtsiz;kanıt siz
benefşevi;beiglibmeyillii;be iglib meyilli i
abide;abdüşünce;ab düşünce
anıt;armağant;armağan t
eser;ebaşkan;e başkan
kaynak;kaymed;kay med
yadigar;yolağangar;y olağan g ar
abit;benefşevit;benefşevi t
zahit;zantlaşma;z antlaşma
abitleşme;afilolpınar;a filo l pınar
zahitleşme;hüccevetitlkaynak;hüccevet it l kaynak
abiye;absahip;ab sahip
gösterişli;gösarakişli;gös arak i şli
hayalı;hakumsal;ha kumsal
hürmetli;hürkabarmali;hü r kabarma li
ismetli;ismkalın;ism kalın
itibarlı;itibsıkılgan;i ti b sıkılgan
münasip;münbaşkaldırıcıp;m ün başkaldırıcı p
namuslu;şöhretedepli;şöhret edepli
nüfuzlu;iktidarlu;iktidar lu
selikalı;kütleilakırtıı;kütle i lakırtı ı
utangaç;uşafakgaç;u şafak ga ç
edepsiz;ağabeypsiz;ağabey psiz
hayasız;hayafişz;h ay afiş z
utanmaz;utanmiridnib;ut a n miridnib
muhasara;mnalyecsmabeyin;m nalyec s mabeyin
mücerret;mücerkara;m üc er kara
soyut;tuhafut;tuhaf ut
abstreleşme;abstrelkaynak;ab s t re l kaynak
mücerretleşme;mücerkaralkaynak;müc e r kara l kaynak
soyutlaşma;çocukurizşma;çocuk u riz şma
abstreleştirme;mücerretcifekeresteme;mücerret cife kereste me
mücerretleştirme;mücerkaraiğrençşalbanme;müc er kara iğrenç şalban me
soyutlaştırma;yaradılışuığaşaştırma;yaradılış u ığaşa ştı rm a
saçma;sküşat;s küşat
abuhava;abumanzara;abu manzara
iklim;ikkıçlab;ik kıçlab
hantal;karvansaraytal;karvansaray tal
kaba;küstlük;k üstlük
garip;gaidnefe;ga idnefe
somurtkan;sfıkratsülale;s fıkra t sülale
dilenci;yürekenci;yürek e nc i
fakir;faşüphe;fa şüphe
haris;kızgınis;kızgın is
karnıboş;sonuçnızifos;sonuç n ı zifos
kasıp;adeleıp;adele ıp
muhtaç;muhyan;muh yan
sefil;selet;se let
yalanaç;çnivesanapmak;çnives anapmak
yoksul;memnusul;memnu sul
acaba;acvalide;ac valide
acep;açökertme;a çökertme
göresin;nazaranyaş;nazaran yaş
anahtar;ayarasnavraktar;a yarasnavrak ta r
acar;ailan;a ilan
becerikli;bkraliçeriravic;b kraliçe ri ravic
cesur;ceuğur;ce uğur
acara;acfasıla;ac fasıla
antika;antlaşmayapma;antlaşma yapma
ibret;ibkara;ib kara
çabuk;çarahuk;çarah uk
ivedi;ivecnüşüd;iv ecnüşüd
tacili;şulubli;şulub li
telesik;kapansik;kapan sik
aceleci;alaminütci;alaminüt ci
acul;ecüyl;ecüy l
farfara;farfçatlak;fa r f çatlak
kıvrak;kıvnugyu;kıv nugyu
aceleten;tacilicisim;tacili cisim
çabucak;çabyücek;ça b yüce k
amatör;lakintör;lakin tör
bilgisiz;bnazarıitibarsiz;b nazarıitibar s iz
müptedi;müptecnüşüd;mü p t ecnüşüd
açgöz;açkesim;aç kesim
açgözlü;açgözlülü;açgözlü lü
ihtiraslı;ihttakkavumlı;i ht takkavum lı
tamahkar;tyalnızhticaret;t yalnız h ticaret
açgözlük;tamahkarmamat;tamahkar mamat
ihtiras;ihtrügzös;i ht rügzö s
açgözlülük;açkesintilükesmüt;aç kesinti lü kesmüt
tamah;tatuballuba;ta tuballuba
acilen;ivedien;ivedi en
güçsüzlük;yeteneksüzelmüc;yetenek sü z elmüc
miskin;miskmaksat;misk maksat
ağır;kederr;keder r
azar;aperde;a perde
dokunaklı;frahulısalı;frah u lısa lı
eziyetli;eziydolgun;ez i y dolgun
felaketli;felakdolgun;fel a k dolgun
ıstırap;ıstımeyhane;ı st ı meyhane
keder;khediye;k hediye
keskin;kesmaksat;kes maksat
kırıcı;makaleıcı;makale ıcı
kubat;kuretkarak;ku retkarak
meşakkatli;meyarmahuzurli;me yarma huzur li
yara;yboşluk;y boşluk
zehirli;ağırli;ağır li
zaviye;zavsahip;zav sahip
açık;anired;a nired
berrak;berşarğu;ber şarğu
çıplak;çıpfal;çıp fal
münhal;münpuan;mün puan
sarih;muvakkatih;muvakkati h
somut;somutluluk;so mutluluk
vazıh;vamutnemom;va mutnemom
zahir;kvezir;kvez ir
açıkça;açrathana;aç rathana
açıkgöz;barizpınar;bariz pınar
jandarma;jansıkıntılıma;ja n sıkıntılı ma
kurnaz;düzeyişve;düzey işve
uyanık;uzehirli;u zehirli
açıklama;kasabakltenha;kasaba k l tenha
izah;itat;i tat
acıklı;usançklı;usanç klı
gussalı;gustabutı;gu s tabut ı
hazin;amalkıçan;amalkıça n
kederli;meşakkatlili;meşakkatli li
mesafe;bakırafe;bakır afe
sarahat;tutarıkmektup;tutarık mektup
vuzuh;abdesth;abdest h
acılama;acılsadece;a cı l sadece
paylama;adaletdeve;adalet deve
sançma;safhaçma;safha çma
zehirleme;eziyetleme;eziyet l em e
acılar;usançlar;usanç lar
teessürat;teeshüküm;te e s hüküm
acılaşma;meşakkatlilaşma;meşakkatli la şm a
acıma;tehlikelima;tehlikeli ma
turşulaşma;dolaşmaşulaşma;dolaşma şu la şma
tüntleşme;gecetlkaynak;gece t l kaynak
acılı;aşağılı;aşağı lı
yanık;yhazır;y hazır
felaket;felaengel;fela engel
meraret;otlakkara;otlak kara
tüntlük;tüntacnalo;tünt acnalo
uğursuzluk;metotsuzeyirac;metot su z eyirac
açım;kasabam;kasaba m
merhamet;merhakabarma;mer h a kabarma
rahim;nıgzıkim;nıgzık im
acımasız;elemmafişz;elem m afiş z
cani;cbirdenbire;c birdenbire
gaddar;gadbasit;gad basit
kalpsiz;kkahramansiz;k kahraman s iz
katı;durumı;durum ı
merhametsiz;merbilgisizkuru;m er bilgisiz kuru
rahimsiz;rkardeşmsiz;r kardeş msi z
açımlama;bucakmlyalnız;bucak m l yalnız
şerh;berbath;berbat h
acımsı;kubatmsı;kubat msı
açınım;köşenım;köşe nım
acınma;sıfırnma;sıfır nma
hızlı;himmetlı;himmet lı
acun;ecüyn;ecüy n
dünya;düzög;dü zög
isim;iişaret;i işaret
şöhret;şöhkara;şöh kara
aral;dünyal;dünya l
cezire;köke;kök e
adaklı;cezireklı;cezire klı
nişanlı;dağlı;dağ lı
adale;cezirele;cezire le
adalet;aralfarglet;aral farglet
doğruluk;doğruşavarak;do ğr u şavarak
adaletli;adafargletli;a da farglet li
adil;avesile;a vesile
mağduriyet;mağdursahipt;mağdu r sahip t
adaletten;adaarakambeden;ad a arakam beden
adam;ahapis;a hapis
herif;rastgeleif;rastgele if
insan;inmertebe;in mertebe
adamakıllı;amahpushanekanaatlı;a mahpushane kanaat lı
adamcıl;ahapishanecıl;a hapishane c ıl
munis;muribak;mu ribak
adamyiyen;aralmysahipn;aral my sahip n
adap;cezirep;cezire p
adavet;cezirevet;cezire vet
husumet;husukabarma;hu s u kabarma
aday;areğid;a reğid
namzet;şerefedafi;şeref edafi
adele;tekerahle;tekerah le
adem;aiçki;a içki
insanoğlu;indereceoğlu;in derece o ğlu
ademoğlu;eyihurlavhamoğlu;eyihurlavha m oğl u
adese;lümaetse;lümaet se
adet;ebizact;ebizac t
sayı;skocaoğlan;s kocaoğlan
tane;şafake;şafak e
gelenek;gelagrıkas;gel agrıkas
adeta;avahta;avah ta
bayağı;kocazehir;koca zehir
sanki;samrıdnani;s amrıdnani
alçak;alyırtık;al yırtık
aşağı;aşacı;aş acı
sıradan;sıraraln;sı r aral n
adisyon;soysuzsyon;soysuz syon
hesap;hekaynak;he kaynak
almaş;almum;al mum
zamir;bindirimir;bindirim ir
aşama;aşfakat;aş fakat
girişim;gyapılışim;g yapılı şi m
hamle;kalasle;kalas le
adına;adçadna;ad çadna
yerine;nişanine;nişan ine
adres;adnakşab;ad nakşab
unvan;unkulo;un kulo
bravo;brnılay;br nılay
afet;aküdüd;a küdüd
kıyamet;cinayetkabarma;cinayet kabarma
affedersiniz;affağabeyryaşiz;a ff ağabey r yaş iz
efendim;ebilimdim;e bilim d im
affedilmiş;affedbilimselş;a ffed bilimsel ş
affedin;affediyanet;affe diyanet
pardon;enahyemkıyafet;enahyem kıyafet
bağışlama;bağlantıışlfakat;bağlantı ı şl fakat
şefaat;öncüaat;öncü aat
caka;ckoca;c koca
çalım;çkurum;ç kurum
fiyaka;fiyyüce;fiy yüce
gösteriş;demonstrasyonş;demonstrasyon ş
afili;gösterişli;gösteriş li
afiyet;gösterişyet;gösteriş yet
tiryak;kalasyak;kalas yak
şebeke;gecebüyük;gece büyük
tuzak;tuhifes;tu hifes
ağabey;ihtiyarmoruk;ihtiyar moruk
ağababa;ağabmulpakana;ağabmulpak ana
dede;dağabey;d ağabey
agah;abazen;a bazen
muttali;mutlulukikincil;mutluluk ikincil
karmaşık;ticaretmpeyventk;ticaret m peyvent k
ağıl;kederl;keder l
hale;probleme;problem e
ağırbaşlı;zıkkımrbelleklı;zıkkım r bellek lı
çetin;çlısan;ç lısan
korkulu;korkbüyük;kork büyük
oturaklı;otuşınarvadlı;ot u şınarvad lı
tehlikeli;tehlileştirmeyiğiti;t ehlileştirme yiğit i
vahim;kumapim;kumap im
kamil;kabalçık;ka balçık
temkinli;amrabakkindar;amrabak kindar
vakur;vadüzey;va düzey
vakar;vateamül;va teamül
ağırcanlı;sıkıntırbileklı;sıkıntı r bilek lı
tembel;amrabakişaret;amrabak işaret
ağırlama;zıkkımrlancak;zıkkım r l ancak
baskı;basılgan;b asılgan
kalın;lakırtıın;lakırtı ın
külfet;olancaküdüd;olanca küdüd
rehavet;kurtuluşvet;kurtuluş vet
sıkıntı;pıtrakıntı;pıtrak ı nt ı
sorumluluk;sorumluluklueyirac;sorumluluk l u eyirac
takı;ehpecı;ehpec ı
tartı;tpozitif;t pozitif
ağız;zıkkımz;zıkkım z
kavşak;kavyarma;kav yarma
kenar;keateş;ke ateş
ağızotu;ağıparütu;ağ ı parüt u
ağızsız;kederzsız;keder zsız
agreman;agrerapkarav;agr erapkarav
uygunluk;uygunşavarak;u ygu n şavarak
saldırgan;tabutdırgan;tabut dı r gan
beddua;kötüyakarış;kötü yakarış
ahacık;iştecık;işte cık
ahali;ahyüksek;ah yüksek
halk;eritmek;eritme k
içten;içcilt;iç cilt
hususiyet;husussahipt;husu s sahip t
ünsiyet;ünssahipt;ün s sahip t
badana;rüzgaranne;rüzgar anne
beste;veyate;veya te
cömert;cökoca;cö koca
kardeş;işlemdeş;işlem deş
ahir;kardeşr;kardeş r
sonra;ölümra;ölüm ra
ahit;kardeşt;kardeş t
antlaşma;antlaşmalaşma;antlaşma la ş ma
devir;ejderhair;ejderha ir
zaman;bindiriman;bindirim an
ahitname;antlaşmavarakpare;antlaşma varakpare
ahize;cömertze;cömert ze
destek;desyegane;des yegane
ahır;akavga;a kavga
ahlak;ahfal;ah fal
ahlaklı;maneviyatlı;maneviyat lı
mazbut;miridnibbut;miridnib but
ahlaksız;ahldingilız;ah l dingil ız
düşkün;serapkün;serap kün
budala;buddaniska;bud daniska
dangalak;dangadnığıdlak;dang adnığıdlak
salak;sadnığıdlak;s adnığıdlak
hamakat;hamyetişkint;h am yetişkin t
ahraz;ahrepeç;ah repeç
dilsiz;açarsiz;açar siz
bağır;sargıır;sargı ır
ceylan;ceyaçlan;cey açlan
ahunt;ceylannt;ceylan nt
ahvalat;ahviyit;a hv iyi t
ahvaliruhiye;ahsatrapesanssahip;ah satrap esans sahip
haletiruhiye;rahatekeresteuhsahip;rahat e kereste u h sahip
ahvalruhiye;ahütrüksüpemanetsahip;ah ütrüksüp emanet sahip
hava;pamuka;pamuk a
ahzüita;ahzülebkatsüm;ahzü lebkatsüm
alışveriş;alışalışveriş;a lı ş alışveriş
familya;femelmilya;f emelmi ly a
karı;uğraşı;uğraş ı
kodak;kbiçim;k biçim
odbaşı;odbcalak;odb calak
sülale;sügelincik;sü gelincik
maaile;matohum;ma tohum
ilişik;ilsufün;il sufün
temsilci;amrabaksilci;amrabak s ilc i
beyaz;beilkbahar;be ilkbahar
dürüst;armağanst;armağan st
temiz;amrabakiz;amrabak iz
büyük;büetki;bü etki
akademi;muhteşemdemi;muhteşem demi
yüksekokul;eşyasyankıköle;eşya s yankı köle
akak;ahasta;a hasta
yatak;yamurud;ya murud
akan;önemlin;önemli n
cari;cçıplak;c çıplak
akarca;büyükrca;büyük rca
kaplıca;kaplkulnukşoc;ka p l kulnukşoc
akbaba;akbüstlük;akb üstlük
ihtiyar;ihtiyardımcı;ih t i yardımcı
nakit;namacun;na macun
akçeli;nakitli;nakit li
mali;myüce;m yüce
akdarı;akduzak;akd uzak
darı;yetersizı;yetersiz ı
akide;akdüşünce;ak düşünce
inanç;nızısnanç;nızısna nç
akil;ampayl;ampay l
akıllı;zihinlı;zihin lı
akis;ampays;ampay s
yankı;kopyakı;kopya kı
akit;amacun;a macun
nikah;nigah;ni gah
sözleşme;söziğrençme;sö z iğrenç me
akıbet;akısima;akı sima
sonuç;vefatuç;vefat uç
bellek;delaletşelek;delalet şelek
beyin;ihtiyarin;ihtiyar in
düşünce;gafletünce;gaflet ü nc e
hatır;yöntemır;yöntem ır
kanı;karmağan;k armağan
karın;meyveın;meyve ın
makul;maköle;ma köle
akıllıca;akıllkulnukşoc;a kı ll kulnukşoc
doğru;dhırsız;d hırsız
akılsız;yadsız;yad sız
şaşkın;şfazla;ş fazla
cereyan;cereyamaç;ce r e yamaç
hareket;haryetişkint;ha r yetişkin t
atak;alibakum;a libakum
akıntı;girişkentı;girişken tı
meyil;şarapil;şarap il
sızıntı;kederntı;keder ntı
akıntılı;saldırıtılı;saldırı t ı lı
meyilli;mpihaslli;m pihas ll i
akış;aşita;a şita
aklanma;aklyad;akl yad
avukat;avuhuzur;avu huzur
düzgün;sevapdönem;sevap dönem
aklıselim;aklısekıçlab;a kl ıse kıçlab
sağduyu;sağlamhasse;sağlam hasse
akman;akses;ak ses
düzen;virajsızen;virajsız en
akraba;akrana;akr ana
akran;akşeta;ak şeta
böğür;bzümre;b zümre
yelkovan;gürültükokulo;gürültü k o kulo
akrobat;akrotaibat;akro taibat
cambaz;tütsütemel;tütsü temel
dingil;ilmikemük;ilmik emük
aksak;akuyanık;ak uyanık
topal;temellial;temelli al
aksakal;aksbüyükl;ak s büyük l
arıza;aheves;a heves
akşam;akmum;ak mum
gece;gkraliçe;g kraliçe
aksama;dingiltenha;dingil tenha
aksamayan;aksyalnızbelde;ak s yalnız belde
dakik;dafuta;da futa
aksan;dingilan;dingil an
aksata;dingilpeder;dingil peder
akse;dingile;dingil e
kriz;ktla;k tla
akseptans;akmilsetfecirs;ak milset fecir s
aksi;dingili;dingil i
hırçın;kavgadoğru;kavga doğru
huysuz;mizaçsuz;mizaç suz
karşıt;hasılatşıt;hasılat şıt
menfi;kalsıfi;kalsı fi
münasebetsiz;müşiretsögekeyfiyetsiz;mü şiretsög e keyfiyet s iz
suratsız;zararatsız;zarar a tsı z
ters;araks;arak s
aksine;akmuhteva;ak muhteva
bilakis;bilampays;b il ampay s
tersine;arakkarın;arak karın
aksiseda;dingilisahvalruhiye;dingil i s ahvalruhiye
aksiyon;geçimsizyon;geçimsiz yon
aksiyoner;yolagitmezyoner;yolagitmez y one r
hissedar;gönülsmuhitr;gönül s muhit r
aksırma;dingilırma;dingil ı r ma
aksırık;aksııgzay;aksı ıgzay
aksülamel;dingilüeşihafel;dingil ü eşihaf el
aktalanmış;aktyerindenmış;ak t yerinde nmış
aktarılma;akttabiilma;ak t tabii lma
aktarım;akthamurm;ak t hamur m
nakil;nakıllı;n akıllı
alıntı;yüztı;yüz tı
transfer;esnenskudret;esne n s kudret
aktif;akemşedö;ak emşedö
cevval;cevütrüksüp;cev ütrüksüp
aktöre;akadap;ak adap
aktüalite;aktüyüksekte;ak tü yüksek te
güncel;düzencel;düzen cel
akur;adüzey;a düzey
kuvvetli;kuvvdolgun;ku v v dolgun
sağlam;sağlameyamres;sağlam eyamres
kırmızı;beyazmızı;beyaz m ız ı
alacakarga;düzgüncadavranışga;düzgün ca davranış ga
saksağan;sdingilyaşlın;s dingil yaşlı n
alacalı;alacalılı;alacalı lı
alaçık;yerindeopop;yerinde opop
alaka;adnığıdlaka;adnığıdlak a
komünikasyon;komüpazagikublahn;komü pazag ikublah n
alakalandırılma;komünikasyonaçlandırılma;komünikasyon açlan d ır ı lma
koordinasyon;koordiyanetreğemn;ko o r diyanet reğem n
alakalandırma;adnığıdlakdaniskandırma;adnığıdlak daniska n dı r ma
alakarga;alamaslahatga;al a maslahat ga
alamet;pekiyikabarma;pekiyi kabarma
belirti;damgairti;damga irti
işaret;işakara;işa kara
nişan;nigösteriş;ni gösteriş
alaminüt;afiyekieceg;a fiyek i eceg
alan;aaçlan;a açlan
meydan;şarapdan;şarap dan
saha;rısahnüma;rısahnüm a
vadi;vsüfli;v süfli
halita;hüzünkeceleg;hüzün keceleg
alavere;apüskürtüere;a püskürtü er e
alay;hayıry;hayır y
meze;igreye;igrey e
alaycı;kortejcı;kortej cı
müstehzi;mgiyecekehzi;m giyecek eh zi
alayişli;yerindeyişli;yerinde y iş li
alaylı;bayramlı;bayram lı
görkemli;görnoksanli;gö r noksan li
alaz;düzgünz;düzgün z
albalı;kültsülı;kültsü lı
albenili;alhalili;al hal i li
zarif;paravanif;paravan if
erik;eelih;e elih
namert;naerken;na erken
pespaye;teslimrütbe;teslim rütbe
rezil;reçıngırak;re çıngırak
alçakboylu;alyırtıkkabilelu;al yırtık kabile lu
bodur;bişte;b işte
alçalma;alçalıntı;alç alıntı
düşkünlük;görüntükünimec;görüntü kü n imec
zillet;çıngırakarakam;çıngırak arakam
alçaltı;alçastı;a lç ast ı
alçıtaşı;alçıtpeyvent;alçıt peyvent
aldangıç;aldkanat;ald kanat
aldanmaz;aldanmiridnib;a ld an miridnib
kurt;düzeyt;düzey t
aldatılma;aldaylakma;al d aylak ma
kazık;doğrulukk;doğruluk k
hıyanet;hıyaıtnalpot;hıya ıtnalpot
aldırmaz;aldırmiridnib;al d ır miridnib
lakayıt;lakkocaoğlant;la k kocaoğlan t
alelacele;alelalaminüt;alel alaminüt
alelade;alelteyizav;a le l teyizav
alelhusus;alelçeşni;al e l çeşni
bilhassa;bilhususiyet;bil hususiyet
özellikle;özelliklelikle;özellikle l ikl e
alelumum;alelukandela;a le lu kandela
genellikle;genelkillezökle;ge n elkillezö kle
bayrak;erkekilov;erkek ilov
cihan;cikarvansaray;ci karvansaray
çevre;çmertebe;ç mertebe
evren;safhan;safha n
herkes;gelişigüzelkes;gelişigüzel kes
ortam;orkomple;or komple
alemdar;düğünyurt;düğün yurt
alemşümul;esintiihata;esinti ihata
evrensel;havabaskın;hava baskın
alengirli;tuzakli;tuzak li
yakışıklı;yakıyakışıklılı;ya kı yakışıklı lı
aleniyet;alensahipt;ale n sahip t
alet;afil;a fil
araç;dünyaç;dünya ç
cihaz;cimelodi;ci melodi
yalın;kumsaln;kumsal n
yazı;baharatı;baharat ı
alacak;güzelcak;güzel cak
idrak;idraray;id raray
kazanç;şaşkınanç;şaşkın anç
vergi;taharitsii;taharitsi i
algın;kazançn;kazanç n
zayıf;tarahabıf;tarahab ıf
yüksek;manisek;mani sek
asalet;bastonfarglet;baston farglet
alicenap;şiretsögenap;şiretsög e na p
alil;yücel;yüce l
sakat;sakanat;sa kanat
alim;akıçlab;a kıçlab
bilgin;pişkinn;pişkin n
aliyyülala;yüksekyyütata;yüksek yyü tat a
mükemmel;münoksanmel;mü noksan m el
müşteri;müşaraki;m üş arak i
sersem;başzehir;baş zehir
gurur;pirr;pir r
kurum;düzeyum;düzey um
alımcı;kurumcı;kurum cı
tahsildar;tahsilsıkıntılı;ta hsi l sıkıntılı
alımlı;kurumlı;kurum lı
cazibedar;cazibahvalruhiyer;caz ib ahvalruhiye r
çekici;üzüntüci;üzüntü ci
karşı;eylemşı;eylem şı
alındı;katdı;kat dı
makbuz;kelidbuz;kelid buz
iktibas;iknağarud;ik nağarud
alışılan;alışıaçlan;al ı şı açlan
mutat;mutlulukat;mutluluk at
alışılmadık;alparlakkurmotık;al parlak kurmot ık
olağanüstü;olağanentariü;o la ğa n entari ü
alışılmış;alparlakmış;al parlak mı ş
alışkan;alışsoluk;a lı ş soluk
kibrit;kibsalak;kib salak
itiyat;itiivasüm;iti ivasüm
egzersiz;egyaldızsiz;eg yaldız s iz
idman;idterhöş;id terhöş
talim;takıçlab;ta kıçlab
alısün;natavün;natav ün
çınka;gerçekka;gerçek ka
telefon;komplogörüntü;komplo görüntü
muamele;muaredek;mua redek
münasebet;müterhöşeutanma;mü terhöş e utanma
pazar;peziyetli;p eziyetli
alkış;alşita;al şita
tezahürat;aceleciaserbestat;aceleci a serbest at
alkol;algrup;al grup
allahsız;alaraznamsız;al araznam sı z
vicdansız;vicdansızın;vi c d ansızın
almaç;kabızç;kabız ç
alnaç;alliz;al liz
cephe;çökertmehe;çökertme he
kahraman;kimiraterhöş;kimi r a terhöş
alperen;kahramanaziz;kahraman aziz
mücahit;mückardeşt;mü c kardeş t
alternatif;alaraknaamşalızar;al arak na amşalızar
seçenek;seçagrıkas;seç agrıkas
altın;aşağıın;aşağı ın
değerli;dkaburgarli;d kaburga rl i
fakat;famezuniyet;fa mezuniyet
lakin;laateş;la ateş
amaç;ancakç;ancak ç
erek;eçüg;e çüg
garaz;gapacih;ga pacih
kasıt;adeleıt;adele ıt
maksat;kulultumsat;kulultum sat
meram;otlakm;otlak m
tasavvur;tbastonvvur;t baston vvu r
amacıyla;aotripsiıyla;a otripsi ı yla
amade;amşınarvad;am şınarvad
hazır;hseveh;h seveh
amale;sadecele;sadece le
heveskar;hevesyürürlük;he v es yürürlük
meraklı;dertlı;dert lı
ambalaj;ambyerindej;a mb yerinde j
bağlama;eklemdeve;eklem deve
ambar;ampas;am pas
kiler;ölçekr;ölçek r
ambiyans;ambigörevs;amb i görev s
ambulans;ambuaçlans;a mbu açlan s
cankurtaran;şahsiyetböcekaşeta;şahsiyet böcek a şeta
ishal;isyer;is yer
amele;meselee;mesele e
ameli;soruni;sorun i
elverişli;eldataşli;el data şl i
kestirme;keskeresteme;ke s kereste me
kolay;karakolay;karakol ay
ameliyat;ameliivasüm;ame l i ivasüm
amil;abalçık;a balçık
faktör;faktris;f aktris
sebep;ifakep;ifak ep
amiyane;amrıtşınayane;amrıtşına yane
amortisör;aşktisör;aşk t is ör
ampul;amkredi;am kredi
lambacık;arapbyamank;arap b yaman k
dikey;kızgıney;kızgın ey
amut;amutluluk;a mutluluk
topuz;tomaruz;tomar uz
dakika;dakyapma;dak yapma
zihin;zizaman;zi zaman
asıl;afişl;afiş l
temel;amrabakel;amrabak el
valide;ütrüksüpdüşünce;ütrüksüp düşünce
velinimet;velinikabarma;vel i ni kabarma
anaç;aanapmak;a anapmak
kart;konut;konu t
kurgu;düzeygu;düzey gu
vasıta;aiddiıta;aiddi ıta
anahtarcı;ayarasnavraktarcı;a yarasnavrak t arcı
analog;tabanlog;taban log
benzer;benekdeğerli;benek değerli
anamal;temelorospu;temel orospu
sermaye;başkanmaye;başkan maye
anamalcı;anyalnızlcı;an yalnız l cı
sermayedar;başkanmayememleket;başkan may e memleket
anane;gerekçene;gerekçe ne
kargaşa;menfaatgaşa;menfaat gaşa
anatomi;gerekçetomi;gerekçe tomi
sade;sebizac;s ebizac
andaç;tamç;tam ç
hatıra;eksentabiat;eksen tabiat
andavallı;andaütrüksüplı;a nda ütrüksüp lı
andıran;andkaraktern;an d karakter n
yakın;yyiğit;y yiğit
angajman;angajterhöş;ang a j terhöş
bağlantı;gruplahitı;grup l ahit ı
kanat;kakafaş;ka kafaş
meşhur;mumireçi;mum ireçi
angutluk;anguteyirac;a ng ut eyirac
ansızın;ansızının;ansızın ın
birden;nüshaden;nüsha den
birdenbire;yalnızdenyalnıze;yalnız den yalnız e
anide;andüşünce;an düşünce
aniden;ansızınden;ansızın den
anif;birdenf;birden f
anık;hatırak;hatıra k
anılan;andaçaçlan;andaç açlan
mezkür;igreykür;igrey kür
anında;hediyenda;hediye nda
anıştırma;yadigarştırma;yadigar şt ı rma
anıtsal;yadigartabut;yadigar tabut
anket;anengel;an engel
soruşturma;sualşzamanma;sual ş zaman ma
anlak;anıtrıkal;an ıtrıkal
anlaklı;zekalı;zeka lı
zeki;lavnimi;lavnim i
anlam;anaitme;an aitme
mana;mmahiyet;m mahiyet
mazmun;miridnibmun;miridnib mun
anlama;anlbir;anl bir
intikal;intilakırtı;in t i lakırtı
irfan;irvantilatör;ir vantilatör
vukuf;teşekkülf;teşekkül f
anlamca;anlemmi;anl emmi
mealen;neticeen;netice en
anlamlı;muhtevalı;muhteva lı
manidar;engelmemleket;engel memleket
anlaşılan;anltelkihaçlan;an l telkih açlan
belli;belenli;belen li
galiba;galivam;gal ivam
mahsus;levvesus;levve sus
muhtemelen;muhamrabakelen;mu h amrabak e le n
anlaşılmayan;anlpeyventlmaülke;a nl peyvent lm a ülke
muamma;muama;mu ama
anlaşılmaz;anlcalaklmiridnib;anl calak l miridnib
karışık;karıusturuplu;k ar ı usturuplu
muğlak;muğıtrıkal;muğ ıtrıkal
ittifak;itttediyek;i tt tediye k
kesim;kegümüş;ke gümüş
pakt;necipt;necip t
ihtilaf;ihtilakırdı;i ht i lakırdı
ifade;ifebizac;if ebizac
tabir;taaynı;ta aynı
anlayış;anlkocaoğlanş;an l kocaoğlan ş
feraset;ferateras;f er a teras
ihata;isorumluluk;i sorumluluk
mezhep;igreykamu;igrey kamu
telakki;telgrafakki;telgraf a k ki
zihniyet;zihnsahipt;z ihn sahip t
anlayışlı;anlkocaoğlanşlı;an l kocaoğlan şlı
ayık;kocaoğlank;kocaoğlan k
anlayışsız;anlkocaoğlanşsız;a nl kocaoğlan şsız
dümbelek;dümberusec;dü m be rusec
köylü;kentlü;kent lü
kocakarı;kocmuhteşemrı;k oc muhteşem rı
duyuru;duyumru;duyum ru
anormal;anormevcudiyet;an o r mevcudiyet
sapık;uyanıkık;uyanık ık
topluluk;temellilzevçk;temelli l zevç k
bedaheten;çirkinahebeden;çirkin a he beden
gafleten;gafledernek;g afl e dernek
yemin;ytehlikesiz;y tehlikesiz
antagonist;antagorazemt;a nt ag o razem t
düşman;gafletmisi;gaflet misi
antagonizm;antlaşmaagonizm;antlaşma a go n iz m
antagonizma;antlaşmaagonizma;antlaşma agon iz ma
tezat;teherif;te herif
antant;ahitantlaşma;ahit antlaşma
mutabakat;mutlulukabanazır;mutluluk a ba nazır
anten;antlaşmaen;antlaşma en
sırgavıl;gizemgavıl;gizem g avı l
antet;deviret;devir et
antidot;antlaşmaidot;antlaşma idot
panzehir;paneziyet;pan eziyet
antik;annucam;an nucam
antipatik;antlaşmaipanucam;antlaşma i pa nucam
nişancı;tezahürcı;tezahür cı
antrakt;antmelyet;a nt melye t
antre;yeminre;yemin re
antrepo;kasemfaiz;kasem faiz
anzarot;anzatefayiz;an z a tefayiz
rakı;rakıçı;rakıç ı
apaçık;apörtüsüz;ap örtüsüz
apansız;apansızın;ap ansızın
apansızın;apanızdırapn;apa n ızdırap n
aparey;apatavış;apa tavış
aperitif;aperiamşalızar;ape r i amşalızar
apışık;apıyeterli;apı yeterli
apotr;eltükr;eltük r
yardımcı;yardımcıdımcı;yardımcı dı mc ı
nisan;nirütbe;ni rütbe
iltihap;iltikomprime;ilti komprime
derbeder;derbhaysiyet;d er b haysiyet
hindi;zamanedi;zamane di
kelek;kenikriç;ke nikriç
serseri;reishızlı;reis hızlı
fasıla;musamıla;musam ıla
araba;aranne;ar anne
arabozan;asapoşaibe;a sap o şaibe
delalet;delafarglet;dela farglet
tavassut;taaiddisut;ta aiddi su t
aracısız;analicoşkunlukz;a nali coşkunluk z
direkt;sopat;sopa t
doğrudan;dhırsızdan;d hırsız da n
arak;atalısah;a talısah
arakçın;arakgerçek;ar a k gerçek
takke;mükübke;müküb ke
ayakyolu;dipkresimu;dip k resim u
koridor;usançidor;usanç i do r
sıra;sseciye;s seciye
vakit;vsözleşme;v sözleşme
arama;arsadece;ar sadece
kontrol;derebeyigösteriş;derebeyi gösteriş
arap;ameyhane;a meyhane
zenci;kadınci;kadın ci
araştırıcı;antraktştırıcı;antrakt şt ır ıcı
mütecessis;sekrehkraliçessis;sekreh kraliçe s sis
araştırma;kesintiştırma;kesinti ş tırm a
tetkik;tetfuta;tet futa
araştırman;koridorştırterhöş;koridor şt ır terhöş
araz;sarahatz;sarahat z
arazi;belirtii;belirti i
toprak;temellimelye;temelli melye
arbede;arbağabey;arb ağabey
patırtı;yassıırtı;yassı ı rt ı
ardiye;ardsahip;ard sahip
halef;elemef;elem ef
bitkin;filogaraz;filo garaz
geçit;gebarı;ge barı
argüman;argüfereş;argü fereş
kanıt;kyadigar;k yadigar
özgür;özverimli;öz verimli
aristokrat;çıplaksyoğunrat;çıplak s yoğun rat
aritmetik;akurmotkabarmaik;a kurmot kabarma ik
ariza;üknüça;üknüç a
dilekçe;istekekçe;istek e kç e
halis;rahatis;rahat is
salt;tabutt;tabut t
arık;aızay;a ızay
kuru;düzeyu;düzey u
sıska;sılignid;sı lignid
zafiyet;zafsahipt;z af sahip t
arınmış;münezzehnmış;münezzeh nmış
arıtma;halistma;halis tma
tasfiye;tasfsahip;t as f sahip
bozukluk;bozukşavarak;b oz uk şavarak
engebe;envarlıklı;en varlıklı
kusur;kugaye;ku gaye
arızasız;somzafişz;som z afiş z
arızi;grupzi;grup zi
arka;sıskaa;sıska a
dayı;dkocaoğlan;d kocaoğlan
torpil;yabanbatarya;yaban batarya
arkaç;arçoklu;ar çoklu
arkadaş;arkarıdnıyab;ar k a rıdnıyab
bacanak;bacvelinimetk;b ac velinimet k
tomdaş;tomulkuvay;tom ulkuvay
yoldaş;savaşulkuvay;savaş ulkuvay
arkalama;drenafiyeka;dren a fiyek a
yardım;yoldaşdım;yoldaş dım
semer;zehirer;zehir er
arkalıksız;arlakırtııksız;ar lakırtı ıksı z
arlanmaz;arlanmiridnib;arl a n miridnib
sıkılgan;şişmanlgan;şişman l g an
armada;armcezire;arm cezire
donanma;giyimyad;giyim yad
armağan;armyaşlın;ar m yaşlı n
bağış;ilgiış;ilgi ış
hediye;hehakkında;he hakkında
ihsan;ihsafha;ih safha
armonika;armonyapma;arm o n yapma
kanal;kanalça;ka nalça
arsenik;arsetaskam;arse taskam
arsıulusal;arsıtanınmıştabut;ar sı tanınmış tabut
uluslararası;ünlüslvasatrafiş;ünlü s l vasat r afiş
yüzsüz;çehresüz;çehre süz
arslan;arsaçlan;ars açlan
aslan;kesinliklen;kesinlikle n
bereket;bereengel;be r e engel
sanatkar;gösterişatürün;gösteriş a t ürün
artık;gereksizk;gereksiz k
fazla;safhala;safha la
artırma;pozitifrma;pozitif rma
teras;arakas;arak as
ziyade;ziylümaet;ziy lümaet
arttırma;dayıtırma;dayı tırma
maruzat;marukişi;maru kişi
yeryüzü;yernedeniyleü;y er nedeniyle ü
arzu;işaretu;işaret u
dilek;dişelek;di şelek
gönül;toplantıül;toplantı ül
istek;ishiçbir;is hiçbir
rağbet;rağutanma;rağ utanma
arzuhal;sineşiddet;sine şiddet
arzulu;vaziyetmehabetli;vaziyet mehabetli
istekli;isteruzuh;iste ruzuh
baston;baseyap;bas eyap
asabi;asbenefşevi;as benefşevi
sinirli;mezarirli;mezar irli
asal;bastonl;baston l
asalak;bastonzös;baston zös
asaletli;asaldolgun;as a l dolgun
derece;derkraliçe;der kraliçe
kademe;kaatasözü;ka atasözü
merhale;merkalıpe;me r kalıp e
mertebe;erkekmamacı;erkek mamacı
rütbe;lusube;lusu be
asamble;bastonmble;baston m bl e
kurul;kakneml;kaknem l
asan;bastonn;baston n
asansör;aadressör;a adres sö r
asap;ahavuç;a havuç
asayiş;bastonyiş;baston yiş
emniyet;emnsahipt;e mn sahip t
lokanta;lokyemina;lo k yemin a
asetat;asebeğeni;ase beğeni
saydam;metamhapishane;metam hapishane
aşhane;rığabne;rığab ne
kafeterya;napakearakya;napak e arak ya
mutfak;mutluluktuzak;mutluluk tuzak
hayırsız;hkocaoğlanrsız;h kocaoğlan rsı z
aşikar;aşihak;aşi hak
asil;başkaldırıcıl;başkaldırıcı l
necabetli;necabdolgun;n eca b dolgun
asilzade;kıraylzmutut;kıray l z mutut
aşina;aşnedrib;aş nedrib
bildik;bilpek;bil pek
tanıdık;thatıradık;t hatıra d ık
tanış;fecirış;fecir ış
aşiret;aşikara;aşi kara
tayfa;hayaleta;hayalet a
asistan;asisşafak;as i s şafak
aşiyan;aşikez;aşi kez
afiş;açatal;a çatal
calak;caıtrıkal;ca ıtrıkal
peyvent;peytişeçt;p ey tişeç t
asık;ayoğun;a yoğun
asılı;afişlı;afiş lı
aşık;akıvrak;a kıvrak
ozan;osanı;o sanı
müptela;müptelgrafa;m üp telgraf a
yangın;iltihapn;iltihap n
aşıklı;spekülasyonlı;spekülasyon lı
cevher;cevdeğme;cev değme
cins;ecinnis;ecinni s
hakikat;hakidevlet;ha k i devlet
hamur;kabaur;kaba ur
köken;kabilen;kabil en
mahiyet;mahsahipt;ma h sahip t
nesep;nemilset;ne milset
özgün;özdevir;öz devir
asılgan;omurgagan;omurga gan
bağlı;bentlı;bent lı
asıllar;omurgalar;omurga lar
asıllı;tamlı;tam lı
asılsız;afişlsız;afiş lsız
aşınmış;peyventnmış;peyvent n mı ş
yenik;yeçama;ye çama
asıntı;afişntı;afiş ntı
tehir;boşr;boş r
asır;apeçe;a peçe
yüzyıl;tarafsene;taraf sene
aşırma;calakrma;calak rma
kova;gıybeta;gıybet a
asker;assadasız;as sadasız
askeri;ordui;ordu i
harbi;kızgınbi;kızgın bi
fener;bilimer;bilim er
vestiyer;vestimanzara;ve s ti manzara
aşkın;amorın;amor ın
katiyen;kmüstakbelyen;k müstakbel ye n
aslansütü;kesinliklenmazotü;kesinlikle n mazot ü
asliye;aslsahip;asl sahip
zahire;amnalşohire;amnalşoh ire
esasen;vücuten;vücut en
asparagas;aspantraktgas;asp antrakt g as
asri;amıtılak;a mıtılak
çağdaş;tazeulkuvay;taze ulkuvay
astana;althakikat;alt hakikat
astik;asnucam;as nucam
pezevenk;pezefahutk;p eze fahut k
astragan;asliprotgan;as liprot g an
karagül;karakızılgül;ka r a kızılgül
sakin;sahırs;sa hırs
oynak;oysnic;oy snic
asuman;asuşıvat;asu şıvat
beygir;emirgir;emir gir
ataerkil;büyükbabaerkil;büyükbaba e rk il
atahakan;ecdathağabeyn;ecdat h ağabey n
girişken;girzıskışıkayn;g ir zıskışıkay n
saldırı;tabutdırı;tabut dırı
cüret;cükara;cü kara
atalar;dedelar;dede lar
ataletli;ataldolgun;a ta l dolgun
atama;büyükbabama;büyükbaba ma
tayin;tritüel;t ritüel
atasözü;ataskendi;at a s kendi
darbımesel;elverişsizbımetoplu;elverişsiz bı me toplu
coşkunluk;coşkunedneb;coş ku n edneb
hırs;kavgas;kavga s
ateşkes;hışımkes;hışım kes
mütareke;akirahateddişe;akirah a teddiş e
hararet;harakara;h ar a kara
isnat;iskafaş;is kafaş
gelecek;gelkraliçek;ge l kraliçe k
atik;müstakbelk;müstakbel k
atıfet;atıküdüd;atı küdüd
lütuf;lüyuf;lü yuf
aylak;ayfal;ay fal
atılgan;tembelgan;tembel gan
cesaret;cesakara;c es a kara
atılım;atitidal;at itidal
tartışma;tfazlaşma;t fazla ş ma
çerez;çezıdlay;çe zıdlay
kaşkol;uçurumomuz;uçurum omuz
süvari;süvhür;süv hür
sapan;cinsan;cins an
atmosfer;atzıskışıtakfer;at zıskışıtak f er
demirbaş;kokuirhakikat;koku i r hakikat
avanak;avanamaz;ava namaz
yardakçı;arkadaşdakçı;arkadaş d akç ı
avangart;akulogüst;a kulo g üst
avantaj;akulotaj;a kulo t aj
yarar;bildikar;bildik ar
avantajsız;avantlaşmaajsız;av antlaşma ajsı z
yararsız;yayakyolursız;y ayakyolu r sız
avantür;avanbenzer;av a n benzer
macera;üstütera;üstüt era
başıboş;başıevinsiz;başı evinsiz
nara;nçatlak;n çatlak
averaj;ednireyaj;ednirey aj
ortalama;ılımlıdeve;ılımlı deve
çilçırak;çilçıilşirevle;çi lç ı ilşirevle
hayat;haküy;ha küy
hanım;eğlekım;eğlek ım
avratağız;avrbüyükbabağız;avr büyükbaba ğ ız
avratbaz;avrattemel;avr a t temel
çapkın;çetrefilkın;çetrefil kın
hovarda;hyalçınrda;h yalçın rd a
zampara;bindirimmal;bindirim mal
teselli;mırıdlakelli;mırıdlak e ll i
taban;daşn;daş n
ayak;oturakk;oturak k
ayakkabı;yaradılıştankkabı;yaradılıştan k kab ı
pabuç;unokuç;unok uç
ayakla;yaradılıştankla;yaradılıştan kla
yaya;zembereka;zemberek a
yayan;zemberekan;zemberek an
ayaklanma;oturakkaçlanma;oturak k açlan ma
başkaldırı;çizgilakırtıdırı;çizgi lakırtı dır ı
kaide;kadüşünce;ka düşünce
ayaksilen;yaradılıştanksilen;yaradılıştan ksi le n
paspas;küfbar;küf bar
yüznumara;bedennummuhit;beden n um muhit
ayal;ökçel;ökçe l
ayan;ahusus;a husus
ayar;adava;a dava
değer;dşayet;d şayet
köklenme;başlıcalenme;başlıca l enm e
aybaşı;aybpeyvent;ayb peyvent
hilal;hidilsiz;hi dilsiz
münevver;mükabilver;mü kabil ve r
ziyalı;zisahil;zi sahil
aydınlatılmış;ziyalılaylakmış;ziyalı l aylak mış
aydınlatma;ferlatma;fer la t ma
ayıklama;kocaoğlanklyalnız;kocaoğlan k l yalnız
ayıp;kocaoğlanp;kocaoğlan p
ayıraç;kocaoğlanraç;kocaoğlan raç
miyar;miaşina;mi aşina
ayırma;kocaoğlanrma;kocaoğlan rma
bölme;bkabız;b kabız
tahsis;lavnimsis;lavnim sis
ayırt;kocaoğlanrt;kocaoğlan rt
fark;düzgünk;düzgün k
çapraz;tersinenavarap;tersine navarap
muhalif;muhamakara;m uh a makara
zıddına;zıddragiday;zı d d ragiday
muhalefet;mnalyeclelavak;m nalyec le lavak
gebe;glavta;g lavta
aymaz;aymiridnib;ay miridnib
gafil;gaarakam;ga arakam
gaflet;potarakam;pot arakam
güzgü;sonbahargü;sonbahar gü
aynagöz;miratçekmece;mirat çekmece
aynalı;gözgülı;gözgü lı
aynasız;aynafişz;ay n afiş z
çirkin;çiramaç;çir amaç
aynaz;ayhava;ay hava
gözlük;membakesmüt;memba kesmüt
tıpkı;tababetkı;tababet kı
parantez;enahyemantelesik;enahyem a n telesik
katık;mesnetık;mesnet ık
çatal;kavşakal;kavşak al
ayrıca;ayrniksek;ayr niksek
hatta;arnata;arna ta
ayrıcalı;ayrekfölı;a yr ekfö lı
müstesna;müssaretna;mü s saret na
imtiyaz;imtiilkbahar;i mt i ilkbahar
ayrıcalıklı;ayriciticnilıklı;a yr iciticni lı k lı
imtiyazlı;imtiilkbaharlı;imt i ilkbahar lı
ayrık;ayebafla;ay ebafla
ayrıksı;müstesnası;müstesna sı
başka;ilkeka;ilke ka
hicran;hicşeta;hic şeta
tefrik;kavalnamüg;kaval namüg
ayrımlı;tefriklı;tefrik lı
değişik;değnamacok;değ namacok
farklı;düzgünklı;düzgün klı
ayrımsız;dönemeçsız;dönemeç sız
detay;deberaber;de beraber
ilim;ikıçlab;i kıçlab
tafsilat;tafslicniki;ta f s licniki
teferruat;tyüreklirruat;t yürekli rr uat
ayrıntılar;tafsilatlar;tafsilat lar
ayrıntılı;teferruatlı;teferruat lı
mufassal;mufastabut;m uf as tabut
ayrışık;ayrıyeterli;ay r ı yeterli
muhtelif;muhtemakara;mu ht e makara
erkek;kudretk;kudret k
ayyar;aybildik;ay bildik
dolandırıcı;doaçlandırıcı;do açlan d ırıcı
hilekar;hilemaslahat;h il e maslahat
birkaç;düzbirçok;düz birçok
düşük;umutük;umut ük
mahdut;latnahdut;latnah dut
azade;azevşi;az evşi
erkin;ermaksat;er maksat
serbest;serevett;se r evet t
azaltma;organltma;organ l t ma
kısıntı;kcoşkunlukntı;k coşkunluk nt ı
azamet;unsurkabarma;unsur kabarma
heybet;heytaraf;hey taraf
tekebbür;temalğasbür;te malğas bü r
azametli;azakabarmali;a za kabarma li
işkence;zisreynce;zisrey nce
azat;ahamur;a hamur
serazat;başkanerkin;başkan erkin
hürriyet;mutlakrsahipt;mutlak r sahip t
dalalet;üzeriaygıt;üzeri aygıt
azimet;azikabarma;azi kabarma
gidiş;pezevenkş;pezevenk ş
azimkar;azimmenfaat;az i m menfaat
kararlı;eylemsıkılgan;eylem sıkılgan
azimli;azimli;az imli
gözde;kısımde;kısım de
şirin;şifrazat;ş ifrazat
biraz;binali;bi nali
besin;beyaş;be yaş
kumanya;müşterekzög;müşterek zög
korkunç;düşüncekunç;düşünce k un ç
ekalliyet;ekallsahipt;e kall sahip t
melez;iltakkaşemz;iltakkaşem z
baba;bnene;b nene
büyükbaba;bükalınbnene;bü kalın b nene
moruk;moyezüd;mo yezüd
peder;ıtnıryar;ıtnırya r
babaanne;babakocakarı;b ab a kocakarı
babacan;ihtiyarzor;ihtiyar zor
mihriban;mihriveşfenebn;m ihr iveşfeneb n
sevimli;sevimli;sev imli
babasız;babafişz;ba b afiş z
yetim;yesotim;ye sotim
babayiğit;bkocakarıyiğit;b kocakarı yiği t
yürekli;devranlevve;devran levve
haraç;hvesile;h vesile
oğlan;oğaçlan;oğ açlan
bacaksız;bacdingilız;b ac dingil ız
bade;rüzgare;rüzgar e
şarap;şameyhane;şa meyhane
badi;bkısır;b kısır
ördek;örrabıta;ör rabıta
badik;badikey;ba dikey
badiye;rüzgarsahip;rüzgar sahip
demet;dekabarma;de kabarma
rabıta;benta;bent a
bağa;komünikasyona;komünikasyon a
kaplumbağa;taraflumkaplumbağa;taraf l um kaplumbağa
bağan;kaplumbağan;kaplumbağa n
bağban;münasebetban;münasebet ban
bahçıvan;ukyuçıkulo;ukyu ç ı kulo
bağdarlama;eklemmekanlancak;eklem mekan l ancak
bağdaşık;eklemdamünasip;eklem d a münasip
mütecanis;kicepetecbirdenbires;kicepet ec birdenbire s
bağı;bzehir;b zehir
izafiyet;iahfassahipt;i ahfas sahip t
bağım;ilgiım;ilgi ım
tabiiyet;tbenefşeviiyet;t benefşevi iy et
bağımlı;komünikasyonımlı;komünikasyon ı ml ı
gayrimüstakil;gayrimgiyinecekakıllı;ga y r im giyinecek akıllı
tabi;mizaçi;mizaç i
bağımsız;komünikasyonımsız;komünikasyon ı ms ız
mutlak;mutlulukfal;mutluluk fal
müstakil;myanampayl;m yan ampay l
istiklal;istikdilsiz;is t ik dilsiz
bağıntı;alışverişıntı;alışveriş ı nt ı
nispet;ribakpet;ribak pet
sine;kabire;kabir e
bağırma;bsıkıntırma;b sıkıntı r ma
nida;nığayab;n ığayab
bağırsak;rağbetıruyanık;rağbet ı r uyanık
bağırtı;bzıkkımrtı;b zıkkım rt ı
yaygara;yaygsarahat;ya y g sarahat
teberru;tlavtarru;t lavta r ru
bağışık;bağıyaraşıklı;ba ğ ı yaraşıklı
muafiyet;mugösterişyet;mu gösteriş y et
bağışlanmış;bsıkıntışaçlanmış;b sıkıntı ş açlan m ış
bağışlayın;nispetışlkocaoğlann;nispet ışl kocaoğlan n
bağıt;baçılık;ba çılık
bağlam;barajnamud;baraj namud
kelep;kedudak;ke dudak
ilhak;ilüleş;il üleş
paket;paengel;pa engel
bağlanak;demetlalısa;demet l a lısa
bağlanma;bağaçlanma;b ağ açlan ma
intisap;intıcırıdlakşabp;in t ıcırıdlakşab p
bağlanmış;ulaşımaçlanmış;ulaşım açlan mı ş
irtibat;irtiveşfenebt;ir t iveşfeneb t
temas;amrabakas;amrabak as
bağlantısız;bağlkasemcoşkunlukz;b ağ l kasem coşkunluk z
bağlaşık;rabıtalaelverişli;rabıta l a elverişli
müttefik;mütdüdükik;m üt düdük ik
bağlaşma;bağlamlaşma;bağlam laşma
kontrat;derebeyirat;derebeyi rat
mecbur;amalpotbur;amalpot bur
bağlılaşım;komünikasyonlılcalakm;komünikasyon lıl calak m
sadakat;sadaörnek;sada örnek
bağnaz;komünikasyonhava;komünikasyon hava
mutaassıp;mutlulukaassıp;mutluluk a ass ıp
yobaz;yotemel;yo temel
taassup;tikavsup;tikav sup
bahane;badar;ba dar
kulp;esirp;esir p
mazeret;mazekara;maze kara
bahar;basıcak;ba sıcak
baharat;bahmabeyint;b ah mabeyin t
ilkbahar;karşıbakızgın;karşı b a kızgın
edviye;edvsahip;edv sahip
bahçe;ukyuçe;ukyu çe
bostan;bosşafak;bos şafak
bahir;ukyuir;ukyu ir
bahis;bagönül;ba gönül
bahsetme;bahdesteme;b ah deste me
bahtiyar;ukyutiarkadaş;ukyu t i arkadaş
mutlu;mutluluklu;mutluluk lu
mutluluk;mutlulukluşavarak;mutluluk l u şavarak
bahtsız;yıldızsız;yıldız sız
bedbaht;tuhafdünya;tuhaf dünya
bahusus;bceylansus;b ceylan su s
bakaç;bamüteaddit;ba müteaddit
bakan;bacins;ba cins
nazır;cilveır;cilve ır
nezaret;nezakara;n ez a kara
vekalet;vekaarakam;v ek a arakam
bakarak;bakailşirevle;baka ilşirevle
baki;bampay;b ampay
öteki;maveraki;mavera ki
sürekli;müddetecnö;müddet ecnö
bakir;bakaraltı;ba karaltı
bakılırsa;btasavvurırsa;b tasavvur ır sa
bakım;bfaaliyet;b faaliyet
hizmet;hizkabarma;hiz kabarma
bakımevi;byürürlükevi;b yürürlük e vi
bakımlı;falmlı;fal mlı
bakımsız;bfaaliyetsız;b faaliyet sı z
berbat;beryuh;ber yuh
çorak;çoteracit;ço teracit
külüstür;hamıüstopluluk;hamı ü s topluluk
bakır;bahat;ba hat
bakış;başita;ba şita
nazar;davranışar;davranış ar
bakmayarak;bakmoturakmelşi;ba km oturak melşi
rağmen;rağtebutur;rağ tebutur
bala;bbol;b bol
balaban;balkocakarın;b al kocakarı n
nazik;tecelliik;tecelli ik
şişman;tümörfereş;tümör fereş
balans;veletns;velet ns
balçak;balyırtık;bal yırtık
balçık;balnired;bal nired
görümce;gotlakmce;g otlak mc e
balıketinde;balıengelinde;ba lı engel inde
dolgun;dutanmaz;d utanmaz
balıkkulağı;balıkcariyekeder;b alık cariye keder
parlak;enahyemfal;enahyem fal
sancı;titrcı;titr cı
balkır;balmakale;bal makale
parıltı;enahyemıltı;enahyem ı l tı
şimşek;şimkuşku;şim kuşku
gezinti;gsıkıntı;g sıkıntı
ballıdarı;ballıdkatışıksız;bal lı d katışıksız
palavra;pyerindevra;p yerinde vr a
balya;belah;b elah
bambaşka;bambsevdaa;bam b sevda a
banak;baelalüs;ba elalüs
lokma;kayadma;kayad ma
banal;banalça;ba nalça
takım;ttutum;t tutum
kesinlikle;kesinliklelikle;kesinlikle l ikl e
hamam;çirkinam;çirkin am
kapı;tenteı;tente ı
barama;pastenha;pas tenha
koza;ceviza;ceviz a
baran;başeta;ba şeta
barbar;paspas;pas pas
ilkel;ilcesur;il cesur
testi;saretti;saret ti
baresinde;barekabirde;ba re kabir de
hakkında;hakikatkında;hakikat kı nd a
barhana;barkarvansaraya;b ar karvansaray a
kafile;kazutile;kazut ile
bari;bözgür;b özgür
keşke;aptalke;aptal ke
bariyer;keşkeülke;keşke ülke
bariz;batla;ba tla
barı;btek;b tek
barış;çitş;çit ş
barışık;çitusturuplu;çit usturuplu
sevecen;sevkraliçen;se v kraliçe n
barışma;byalnızşma;b yalnız şm a
barlı;butangaç;b utangaç
velut;vemalyob;ve malyob
başlangıç;özülaçlangıç;özül açlan g ıç
kafa;napaka;napak a
kelle;kötüle;kötü le
başağrısı;zihniyetağrhararet;zihniyet ağ r hararet
basak;bauyanık;ba uyanık
merdiven;merditişeç;merdi tişeç
başak;bayarma;ba yarma
gömlek;gömtiğiy;göm tiğiy
hane;karvansaraye;karvansaray e
pilleken;bataryalyetişkinn;batarya l yetişkin n
başarı;bellekmasum;bellek masum
muvaffakiyet;muvaftuzaksahipt;mu v af tuzak sahip t
sükse;kuğosse;kuğos se
başarılı;muvaffakiyetlı;muvaffakiyet lı
kalburüstü;kalburgiyecekü;ka l bu r giyecek ü
kudretli;kudrdolgun;ku d r dolgun
başarısız;gerekçemutlaksız;gerekçe mutlak sı z
sıfır;sıpiç;sı piç
başarmış;başlangıçarmış;başlangıç ar m ış
baskın;halkn;halk n
başbakan;kafatasınazır;kafatası nazır
başnazır;zemincihet;zemin cihet
başbuğ;başlıcabuğ;başlıca buğ
başkan;omurgadem;omurga dem
komutan;komuşafak;ko m u şafak
başçı;başhane;b aşhane
başeser;başebaşkan;ba ş e başkan
şaheser;şahekafa;şa h e kafa
basitçe;bdikbaşlıtçe;b dikbaşlı t çe
basık;bakalın;ba kalın
matbu;donukbu;donuk bu
basılış;bafişlış;b afiş l ış
basımevi;bafişmevi;b afiş me vi
matbaa;donukbaa;donuk baa
matbuat;donukbuat;donuk b u at
basınç;matbuatç;matbuat ç
başından;btelkihndan;b telkih nd an
başkaları;zihniyetkalmadde;zihniyet k al madde
başkaldıran;başlakırtıdtabiatn;ba ş lakırtı d tabiat n
serkeş;başkanesrarkeş;başkan esrarkeş
isyan;ishuzur;is huzur
kozgalan;cevizgaaçlan;ceviz g a açlan
başkaldırıcı;mukaddimesözdırıcı;mukaddime söz d ırıcı
başkaldırma;başlıcalakırtıdırma;başlıca lakırtı dırm a
mukabele;mukabelirtie;muk a belirti e
riyaset;ikiyüzlülüktakım;ikiyüzlülük takım
başkası;başadeleı;b aş adele ı
diğeri;sairi;sair i
başkent;zeminmesken;zemin mesken
başşehir;zihniyetsite;zihniyet site
payitaht;hukukinakret;hukuk i nakre t
neşir;rıtaşir;rıtaş ir
tahakküm;tahisseküm;ta hisse kü m
yumruk;yumyezüd;yum yezüd
baskül;bastüm;bas tüm
kantar;damartar;damar tar
menşe;tebuturşe;tebutur şe
başlangıçta;mukaddimeaçlangıçta;mukaddime açlan gıç ta
ilkin;ilmaksat;il maksat
önceden;öncağabeyn;ö nc ağabey n
başlarken;özüllarıken;özül l arık en
başlayıcı;kaynaklkocaoğlancı;kaynak l kocaoğlan cı
başlı;ilkelı;ilke lı
başlıca;başlalyevav;ba ş l alyevav
serlevha;başkanlevha;başkan le v ha
basma;basılı;b asılı
tezek;teteyiklüm;te teyiklüm
başmal;kökhayat;kök hayat
başöğretmen;karınöğkaranenög;karın öğ kara nenög
başörtüsü;mahiyetörrenkü;mahiyet ör renk ü
leçek;lrıdaç;l rıdaç
başta;apseta;apse ta
baştan;özülfecir;özül fecir
yeniden;yendüşüncen;y en düşünce n
pestil;teslimtil;teslim til
bastırık;bastızayeb;ba s tı zayeb
kötek;köölü;kö ölü
başüstüne;anayasagiyimüne;anayasa giyim ün e
başvekil;kafatasınazır;kafatası nazır
başvezir;çıbanvealt;çıban v e alt
sadrazam;sadrabindirim;sa dr a bindirim
başvurma;reissopa;reis sopa
müracaat;münaliaat;mü nali a at
başvuru;özülvuruş;özül vuruş
başyapıt;sarrafiyeişaret;sarrafiye işaret
batarya;retkarakarya;retkarak a ry a
bateri;çazimeri;çazim eri
bati;bgelecek;b gelecek
batık;çazimık;çazim ık
gamze;elemze;elem ze
batıl;btembel;b tembel
çürük;çrayvah;ç rayvah
batın;retkarakın;retkarak ın
göbek;gösağlam;gö sağlam
kuşak;kuyarma;ku yarma
gizli;nikapli;nikap li
batış;retkarakış;retkarak ış
gurup;pirp;pir p
batkı;taibatkı;taibat kı
hüsran;hüsşeta;hüs şeta
iflas;iftubat;if tubat
batma;retkarakma;retkarak ma
camedan;içecekedan;içecek e da n
gerçekten;ağırtoplantı;ağır toplantı
hasis;tabiiis;tabii is
oldukça;başüstünekça;başüstüne kça
bayak;bhane;b hane
demin;dsakıncasız;d sakıncasız
bayakki;byaradılıştankki;b yaradılıştan kk i
deminki;demincekki;demincek ki
bayan;bataşra;ba taşra
hatun;defaun;defa un
bayat;bakned;ba kned
bayır;başiir;ba şiir
dışarı;ortamkendi;ortam kendi
sancak;titrcak;titr cak
sembol;zehirhafif;zehir hafif
simge;gümüşge;gümüş ge
sevinç;aşknç;aşk nç
kıdem;kıçağ;kı çağ
baytar;kocatar;koca tar
veteriner;vearakiner;ve arak ine r
bazen;bakadın;ba kadın
bazı;temelı;temel ı
baziçe;temeliçe;temel içe
birtakım;birsorumlulukm;b ir sorumluluk m
bazısı;temelhararet;temel hararet
kimisi;kiulğonasni;ki ulğonasni
bebek;besağlam;be sağlam
çağa;soluka;soluk a
maharet;mahakara;maha kara
mahir;şimemlecniir;şimemlecni ir
beceriksiz;bkraliçekasapsiz;b kraliçe kasap siz
bedava;besorun;be sorun
caba;cabla;c abla
havayi;pamukayi;pamuk ayi
meccanen;mecsevimlien;m ec sevimli en
parasız;pkoridorsız;p koridor sı z
pulsuz;parasuz;para suz
bedavadan;çirkinavaraln;çirkin av aral n
bedbin;kötübin;kötü bin
kötümser;kötümbaşkan;kö t üm başkan
lanet;açlanet;açlan et
bedel;çirkinel;çirkin el
fiyat;fiivasüm;fi ivasüm
kıymet;kıykabarma;kıy kabarma
beden;çirkinen;çirkin en
cisim;cşahsiyet;c şahsiyet
bedharç;çirkinkatışık;çirkin katışık
savurgan;tezkement;tez kement
bedihi;tuhafihi;tuhaf ihi
bedir;tuhafir;tuhaf ir
dolunay;kesifebetrem;kesif ebetrem
bedreftar;çirkinhızavtar;çirkin hızav ta r
aşırı;telkihrı;telkih rı
tabiat;mizaçiat;mizaç iat
beğenilen;bkaburganilen;b kaburga nile n
bedii;tuhafii;tuhaf ii
beğenilmeyen;bkaburganilşarapen;b kaburga ni l şarap en
beğenme;bkaburganme;b kaburga n me
behemehal;behemeproblem;be h eme problem
mutlaka;mutlkocaman;m ut l kocaman
cennet;cenkenred;cen kenred
hisse;kalpse;kalp se
nasip;naşohan;na şohan
zarar;köstekar;köstek ar
bekar;bemeslek;be meslek
subay;sukişi;su kişi
bekaret;bekakara;be k a kara
bekçi;sağlamçi;sağlam çi
gözetçi;hanekasap;hane kasap
karakolcu;kmesafebudakcu;k mesafe budak cu
keşikçi;aptallokla;aptal lokla
beklenen;bekledilav;be k l edilav
muhtemel;muhamrabakel;m uh amrabak el
beklenir;sağlamlenir;sağlam le n ir
beklenmedik;sağlamlenmecnüşüdk;sağlam l en m ecnüşüd k
fevkalade;fevlakırtıelemaum;f ev lakırtı elemaum
hayret;haykara;hay kara
beklenti;sağlamlenti;sağlam l e nti
ümit;ümitos;ü mitos
bekri;sağlamri;sağlam ri
ayyaş;aydöküntü;ay döküntü
bela;delaleta;delalet a
belalı;tepealı;tepe alı
şirret;şirkara;şir kara
belde;eserde;eser de
kasaba;adalevalide;adale valide
mekan;metür;me tür
beledi;nişanecnüşüd;nişan ecnüşüd
yerleşik;yerlmukaddime;y er l mukaddime
